profundidad,edad_min,edad_max,edad_median,edad_mean,Abies,Acacia,Agave,Alnus_oblongifolia,Arbutus,Berberis,Bursera_,Cactoideae,Canotia,Ceiba,Celtis,Populus,Cylindropuntia,Dasylirion,Desmanthus,Dodonaea_viscosa,Ephedra,Fraxinus,Juglans,Juniperus,Mimosa,Opuntia,Parkinsonia_aculeata,Picea,Pinus,Prosopis,Quercus,Rosaceae,Rutaceae,Salix,Sambucus_type,Tecoma_stans,Acanthaceae,Allionia,Amaranthaceae,Ambrosia,Apiaceae,Artemisia_ludoviciana,Asteroideae,Boerhavia_type,Boraginaceae,Brassicaceae,Callaeum_macropterum,Caryophyllaceae,Cichorioideae,Cirsium,Clematis,Convolvulaceae,Crassulaceae,Cucurbitaceae,Cyperaceae,Dalea,Eriogonum,Eustoma,Euphorbiaceae,Evolvulus,Faboideae,Gentianaceae,Ipomoea,Kallstroemia,Lamiaceae,Lippia_type,Lotus_type,Lythrum,Malvaceae,Marina,Mitracarpus,Monocotyledoneae,Nama,Oenothera,Onagraceae,Plantago,Poaceae,Cerealia,Polemoniaceae,Polygonum,Ranunculaceae,Rhamnaceae,Rubiaceae,Solanaceae,Tribulus,Trixis_californica,Typha,Urtica,Verbenaceae,Zea_mays,Zygophyllaceae,Pteridophyta,Total
5,27,402,155,171,0,0,0,0,0,0,0,0.008,0,0,0.021,0,0.008,0,0,0,0,0,0,0,0,0.008,0,0,0.055,0.144,0.013,0,0,0,0.004,0,0,0,0.212,0.233,0,0,0.051,0.03,0.038,0.008,0,0,0,0,0,0,0,0,0.034,0,0,0,0.013,0,0.008,0,0,0,0.008,0,0,0,0.008,0,0,0,0,0,0.004,0.004,0.021,0,0,0,0,0,0,0.008,0,0,0,0,0,0,0,0.008,0.953
10,141,693,357,374,0,0.005,0,0,0,0,0,0.042,0,0,0.016,0,0.005,0,0,0.005,0,0,0,0,0,0,0,0,0.037,0.204,0.031,0,0,0,0,0,0,0,0.304,0.099,0,0,0.063,0,0.058,0,0,0,0,0,0,0,0,0,0.021,0,0,0,0,0,0,0.016,0,0,0.01,0,0,0,0,0.005,0,0,0,0,0,0.01,0.037,0,0,0,0,0,0,0.005,0,0,0,0,0,0,0,0.005,0.979
15,286,954,559,576,0,0,0,0,0,0,0,0.045,0.017,0.011,0.011,0,0,0,0,0,0,0,0,0,0,0.011,0,0,0.034,0.118,0.101,0,0,0,0,0,0.006,0,0.202,0.112,0,0.006,0.107,0,0,0,0,0,0,0,0,0,0,0.006,0,0,0,0,0.006,0,0,0,0,0,0,0,0,0,0.017,0,0,0,0.039,0,0,0,0.039,0,0,0,0,0,0,0,0,0,0,0,0.051,0,0,0.011,0.949
21,471,1248,808,822,0,0,0,0,0,0,0,0.017,0.017,0.017,0,0,0,0,0,0,0,0,0,0,0,0.052,0,0,0.017,0,0.138,0,0,0.017,0,0,0,0,0.172,0.052,0,0.034,0.19,0,0,0,0,0,0,0,0,0,0,0,0.017,0,0,0,0,0,0,0,0,0,0,0.069,0,0,0,0,0,0,0,0,0,0,0.138,0,0,0,0,0,0,0,0,0,0.017,0,0,0,0,0,0.966
24,556,1400,930,944,0,0,0,0,0,0,0,0.015,0.012,0,0.015,0,0,0,0,0,0,0,0,0,0,0,0,0,0.021,0,0.163,0,0,0,0,0,0,0,0.214,0.081,0,0.006,0.235,0.006,0,0,0,0,0.003,0,0,0,0,0,0.03,0.003,0,0,0.006,0,0,0,0.003,0,0,0.009,0,0,0,0,0,0,0,0,0,0,0.13,0,0,0,0,0,0,0,0,0,0.009,0,0,0,0,0.006,0.967
27,657,1527,1053,1066,0,0,0,0,0,0,0,0,0.009,0,0.016,0,0,0,0,0,0,0,0,0,0,0,0,0,0,0.009,0.094,0,0,0,0,0,0.006,0,0.281,0.056,0,0.003,0.244,0,0,0,0,0,0.013,0,0.003,0,0,0,0.016,0,0,0,0.059,0,0,0,0,0,0,0.019,0,0,0,0,0,0,0,0,0,0,0.097,0,0,0,0,0,0,0,0,0.009,0.006,0,0,0,0,0,0.941
30,752,1677,1176,1189,0,0,0,0,0,0,0,0,0,0,0,0,0,0,0,0,0,0,0,0,0,0,0,0,0,0,0,0,0,0,0,0,0,0,0.003,0,0,0,0.003,0,0,0,0,0,0,0,0,0,0,0,0,0,0,0,0,0,0,0,0,0,0,0,0,0,0,0,0,0,0,0,0,0,0,0,0,0,0,0,0,0,0,0,0,0,0,0,0,0,0.007
33,867,1830,1297,1311,0,0.003,0,0,0,0,0,0.003,0,0,0.007,0,0,0,0,0,0,0,0.003,0,0,0,0,0,0.063,0.003,0.119,0,0,0,0,0,0,0,0.168,0.063,0,0.007,0.297,0,0,0,0,0,0.003,0,0,0,0,0,0.02,0,0,0,0.01,0,0,0,0,0,0,0,0,0,0,0,0,0,0,0,0,0,0.182,0.003,0,0,0,0,0,0,0,0,0.017,0,0,0,0,0.007,0.977
36,962,1977,1423,1434,0,0,0,0,0,0,0.008,0.008,0.008,0,0.015,0,0,0,0,0.004,0,0,0,0,0,0,0,0,0,0,0.147,0,0.004,0,0,0,0,0,0.071,0.083,0,0.008,0.353,0,0,0,0,0,0.023,0,0,0,0,0,0.015,0,0.004,0,0.015,0,0,0,0.004,0,0,0.004,0,0,0,0,0,0,0,0,0,0,0.143,0,0,0,0,0,0,0,0,0.004,0.011,0,0,0,0,0.008,0.936
39,1073,2108,1542,1553,0,0,0,0,0,0,0,0,0.009,0,0.009,0,0,0,0,0,0,0,0,0,0,0,0,0,0.009,0,0.153,0,0,0,0,0,0,0,0.162,0.054,0,0.009,0.252,0,0,0,0,0,0,0,0,0,0,0,0.009,0.009,0,0,0.018,0,0,0,0,0,0,0.009,0,0,0,0,0,0,0,0,0,0,0.225,0,0,0,0,0,0,0,0,0,0.018,0,0,0,0,0,0.946
45,1283,2365,1789,1797,0,0,0,0,0,0,0,0,0.014,0,0,0,0,0,0,0,0,0,0,0,0,0,0,0,0.093,0,0.238,0,0,0,0,0,0.003,0,0.176,0.041,0,0.003,0.197,0.01,0,0.003,0,0,0,0,0,0,0,0,0.028,0,0,0,0.003,0,0,0,0,0,0,0,0,0,0.003,0,0,0,0,0,0,0,0.124,0,0,0,0,0,0,0,0,0,0.01,0,0,0.003,0,0.017,0.969
48,1384,2503,1910,1917,0,0,0,0,0,0,0,0,0.007,0,0.013,0,0,0,0,0,0,0,0,0,0,0.013,0,0,0.047,0,0.067,0,0,0,0,0,0,0,0.107,0.067,0,0.02,0.315,0.027,0,0,0,0,0.007,0.007,0,0.007,0,0,0.027,0,0,0,0.02,0,0,0,0.007,0,0,0,0,0,0,0,0,0,0,0,0,0,0.195,0,0,0,0,0,0,0,0,0,0,0,0,0,0,0.013,0.966
51,1497,2635,2026,2036,0,0,0,0,0,0,0,0,0,0,0.015,0,0,0,0,0,0,0,0.015,0,0,0.06,0,0,0.06,0,0.075,0,0,0,0,0,0,0,0.104,0,0,0.119,0.149,0,0,0,0,0,0.03,0,0,0,0,0,0.03,0,0,0,0,0,0,0,0.015,0,0,0,0,0,0,0,0,0,0,0,0,0,0.254,0,0,0,0,0,0,0,0,0,0,0,0,0,0,0,0.925
54,1582,2758,2152,2159,0,0,0,0,0,0,0,0,0,0,0.009,0,0,0,0,0,0,0,0,0,0,0,0,0,0.037,0.012,0.095,0,0,0,0.018,0,0,0,0.184,0.049,0,0.037,0.291,0,0,0.006,0,0,0.018,0,0,0,0,0,0.031,0,0,0,0.009,0.003,0,0.006,0,0,0,0,0,0,0,0,0,0,0.003,0,0,0,0.113,0,0,0,0,0,0,0,0,0.003,0.021,0,0,0,0,0.025,0.972
57,1696,2877,2273,2278,0,0,0,0,0,0,0,0.009,0,0,0.009,0,0,0,0,0,0,0,0,0,0,0.019,0.009,0,0.047,0,0.159,0,0,0,0,0,0,0,0.271,0.047,0,0.019,0.131,0.009,0,0,0,0,0,0,0,0,0,0,0.028,0,0,0,0.009,0,0,0,0,0,0,0,0,0,0,0,0,0,0,0,0,0,0.159,0,0,0,0,0,0,0,0,0,0,0,0,0,0,0.019,0.944
60,1808,3017,2392,2401,0,0,0,0,0,0,0.01,0.03,0,0.01,0,0,0,0,0,0,0,0,0,0,0,0.02,0.02,0,0.101,0,0.061,0,0,0,0,0,0.01,0,0.232,0.03,0,0,0.232,0.03,0,0,0,0,0,0,0,0,0,0,0.01,0,0,0,0,0,0,0,0,0,0,0,0,0,0,0,0,0,0,0,0,0,0.131,0,0,0,0,0,0,0,0,0,0,0,0,0,0,0.01,0.939
63,1923,3138,2516,2521,0,0,0,0,0,0,0,0,0,0,0.01,0,0,0,0,0,0,0,0,0,0,0,0,0,0.021,0,0.113,0,0,0,0,0,0.01,0,0.381,0.021,0,0,0.165,0,0,0,0,0,0,0,0,0,0,0,0.062,0,0,0,0,0,0,0,0,0,0,0,0,0,0,0,0,0,0,0,0,0,0.144,0,0,0,0,0,0,0,0,0.01,0.031,0,0,0,0,0,0.969
69,2151,3395,2760,2765,0,0,0,0.005,0,0,0,0,0,0,0,0,0,0,0,0,0,0,0,0,0,0,0,0,0.092,0,0.218,0,0,0,0,0,0,0,0.15,0.024,0,0.015,0.248,0.005,0,0,0,0,0,0,0,0,0,0,0.024,0,0,0,0,0,0,0,0,0,0,0,0,0,0,0,0,0,0,0,0,0,0.17,0,0,0,0,0,0,0,0,0,0.01,0,0,0,0,0.005,0.966
87,2865,4113,3485,3488,0,0,0,0,0,0,0,0.007,0.011,0,0.015,0,0,0,0,0,0,0,0.007,0,0,0.004,0,0,0.052,0,0.074,0,0,0,0,0,0,0,0.145,0.011,0,0.011,0.379,0.045,0,0,0,0,0,0,0,0,0,0,0.063,0,0,0,0,0,0,0,0.007,0.004,0,0,0,0,0,0,0,0,0,0,0,0,0.123,0,0,0,0,0,0,0,0,0,0,0,0,0,0,0.004,0.963
90,2985,4240,3604,3608,0,0,0.006,0,0,0,0.003,0.003,0.018,0,0.006,0,0,0,0,0,0,0,0,0,0,0,0,0,0.055,0.003,0.079,0,0,0,0,0,0,0,0.221,0.018,0,0,0.291,0.015,0,0,0,0,0,0,0,0,0,0,0.027,0,0,0,0.015,0,0,0,0,0,0,0,0,0,0,0,0,0,0,0,0,0,0.179,0.003,0,0,0,0,0,0,0,0,0.009,0,0,0,0,0.006,0.958
93,3095,4363,3730,3731,0,0,0,0,0,0,0.016,0,0.003,0,0,0,0,0,0,0.006,0,0,0,0,0,0,0,0,0.056,0.003,0.129,0,0,0,0,0,0.003,0,0.232,0.019,0,0.003,0.285,0.006,0,0,0,0,0,0,0,0,0,0,0.009,0,0,0,0.013,0,0,0,0,0,0,0,0,0,0.003,0,0,0,0.003,0,0,0,0.185,0,0,0,0,0,0,0,0,0,0.003,0,0,0,0,0,0.978
96,3232,4477,3856,3851,0,0,0,0,0,0,0,0.003,0.026,0,0.003,0,0,0,0,0,0,0,0,0,0,0,0.003,0,0.054,0,0.128,0,0,0,0.003,0,0,0,0.256,0.029,0,0,0.3,0.003,0,0,0,0,0.006,0,0,0,0,0,0.054,0,0,0,0,0,0,0,0,0,0,0,0,0,0,0,0,0,0,0,0,0,0.105,0,0,0,0,0,0,0,0,0,0,0,0,0,0,0,0.974
99,3344,4595,3972,3971,0,0,0,0,0,0,0.003,0,0.003,0,0.007,0,0,0,0,0,0,0,0.003,0,0,0,0,0,0.052,0,0.108,0,0,0,0,0,0.003,0,0.19,0.029,0,0.01,0.314,0,0,0,0,0,0.003,0,0,0,0,0,0.02,0,0,0,0.01,0.003,0,0,0,0,0,0,0,0,0,0,0.007,0,0.003,0,0,0,0.203,0,0,0,0,0,0,0,0,0,0.003,0,0,0,0,0,0.974
102,3457,4721,4090,4091,0,0,0,0.006,0,0.003,0.009,0.022,0.003,0,0.009,0,0,0,0,0,0,0,0,0,0,0,0,0,0.05,0.003,0.138,0,0,0,0,0.003,0.003,0,0.097,0.019,0,0.009,0.296,0,0,0,0,0.003,0,0,0,0,0,0,0.009,0,0,0,0.006,0,0.003,0,0,0.003,0,0,0,0,0,0,0,0,0,0,0,0,0.252,0.016,0,0,0,0,0,0,0,0,0.022,0,0,0,0,0.006,0.994
105,3593,4823,4214,4213,0,0,0,0.015,0,0,0.015,0,0,0,0.015,0,0,0,0,0,0,0,0,0,0,0,0,0,0.077,0.008,0.108,0,0,0.008,0.008,0,0,0,0.192,0.031,0,0.046,0.046,0.008,0,0,0,0,0,0,0,0,0,0,0.069,0,0,0,0.015,0,0,0,0,0,0,0,0,0,0,0,0,0,0,0,0,0,0.292,0,0,0,0,0,0,0,0,0,0.015,0,0,0,0,0,0.969
108,3716,4948,4334,4333,0,0,0,0.003,0,0,0.009,0,0.024,0,0.012,0,0,0,0,0,0,0,0,0,0,0,0,0,0.065,0,0.131,0,0,0,0,0,0,0,0.19,0.051,0,0.042,0.098,0,0,0,0,0,0,0,0,0,0,0,0.095,0.003,0,0,0.012,0.003,0,0,0,0,0,0,0.003,0,0,0,0,0,0.003,0,0,0,0.229,0,0,0,0,0,0.003,0,0,0,0,0,0,0,0,0.003,0.979
111,3837,5065,4457,4457,0,0.003,0,0.003,0,0,0.003,0.006,0,0,0.037,0,0,0,0,0.003,0,0,0,0,0,0,0,0,0.095,0.018,0.101,0,0,0,0,0,0,0,0.149,0.03,0,0.058,0.113,0.009,0,0,0,0,0,0,0,0,0,0,0.201,0,0,0,0.009,0,0,0,0,0,0,0,0,0,0.006,0,0,0,0.003,0,0,0,0.107,0,0,0,0,0,0,0,0,0,0.018,0,0,0,0,0.027,1
114,3950,5171,4580,4578,0,0,0,0.003,0,0,0,0.003,0.017,0,0.01,0,0,0,0,0,0,0,0,0,0,0,0,0,0.09,0.003,0.093,0,0,0,0,0,0.003,0,0.266,0.014,0,0.017,0.131,0.01,0,0,0,0,0,0,0,0,0,0,0.072,0,0,0,0.017,0,0,0,0,0,0,0,0,0.007,0,0,0,0,0,0,0,0,0.183,0,0,0,0,0,0,0,0,0,0.003,0,0,0,0,0,0.945
117,4083,5281,4701,4699,0,0.003,0,0.007,0,0,0,0,0,0,0.003,0.003,0,0,0,0,0,0,0,0,0,0,0,0,0.126,0.003,0.133,0,0,0,0,0,0.003,0,0.197,0.017,0,0.02,0.078,0.014,0,0,0,0,0,0,0,0,0,0,0.143,0,0,0,0.007,0.003,0.007,0,0.003,0.003,0,0,0,0.003,0,0.003,0,0,0,0,0,0.003,0.126,0,0,0,0,0,0,0,0,0,0.003,0,0,0,0,0.027,0.942
120,4196,5402,4824,4819,0,0,0,0,0,0,0.006,0.006,0,0,0.026,0,0,0,0,0,0,0,0,0,0,0,0,0,0.026,0,0.084,0,0,0,0,0,0,0,0.24,0.019,0,0,0.357,0.006,0,0,0,0,0,0,0,0,0,0,0.006,0,0,0,0,0,0,0,0,0,0,0,0,0,0,0,0,0,0,0,0,0,0.175,0.019,0,0,0,0,0,0,0,0,0,0,0,0,0,0.006,0.981
123,4323,5498,4941,4937,0,0.003,0,0,0,0,0.003,0.003,0,0,0.003,0,0,0,0,0,0,0,0,0,0,0,0,0,0.026,0,0.076,0,0,0,0,0,0,0,0.234,0.023,0,0.007,0.32,0.01,0,0,0,0,0,0,0,0,0,0,0,0,0,0,0.013,0,0,0,0.01,0,0,0,0,0,0,0,0,0,0,0,0,0,0.218,0,0,0,0,0,0,0,0,0,0.01,0,0,0,0,0.013,0.974
126,4453,5618,5065,5059,0,0,0,0,0,0,0.009,0,0,0,0,0,0,0.009,0,0,0,0,0,0,0,0,0,0,0.044,0,0.096,0,0,0,0,0,0,0.009,0.237,0.044,0,0.009,0.289,0.009,0,0,0,0,0,0,0,0,0,0,0.009,0,0,0,0,0,0,0,0.009,0,0,0,0,0.009,0,0,0.009,0,0,0,0,0,0.167,0,0,0,0,0,0,0.009,0,0,0,0,0,0,0,0.009,0.974
129,4586,5721,5189,5181,0,0,0,0.003,0,0,0.006,0,0,0,0,0,0,0,0,0,0,0,0,0.003,0,0.003,0,0,0.081,0.003,0.084,0.003,0,0,0,0,0,0,0.187,0.016,0,0.013,0.258,0.01,0,0.003,0,0,0,0,0,0,0,0,0.013,0,0,0,0.016,0,0,0,0,0,0,0,0,0,0,0,0,0,0,0,0,0,0.239,0.003,0,0,0,0,0,0,0,0,0.019,0,0,0,0,0.006,0.971
132,4715,5837,5315,5305,0,0,0,0,0,0,0,0,0,0,0,0,0,0,0,0,0,0,0,0,0,0,0,0,0.051,0.004,0.11,0,0,0,0,0,0.004,0,0.231,0.026,0,0.007,0.209,0.004,0,0,0,0,0,0,0,0,0,0,0.037,0,0,0,0.011,0,0,0,0,0,0,0,0,0,0,0,0,0,0,0,0,0,0.271,0,0,0,0,0,0,0,0.007,0,0.007,0,0,0,0,0.015,0.993
135,4843,5943,5435,5426,0,0.003,0,0.003,0,0,0.006,0,0.003,0,0.006,0,0,0,0,0,0,0,0,0,0,0,0.006,0,0.051,0.006,0.084,0.003,0,0,0,0,0,0,0.161,0.026,0,0.013,0.254,0,0,0,0,0,0,0,0,0,0,0,0.032,0,0,0.003,0.01,0.006,0,0,0,0,0,0,0,0.003,0,0,0,0,0,0,0,0,0.277,0,0,0,0,0,0,0.003,0,0.003,0.006,0,0,0,0,0.013,0.984
138,4967,6064,5559,5548,0,0.003,0,0.007,0,0,0,0,0,0,0,0,0,0,0,0,0,0,0,0,0,0,0,0,0.064,0.003,0.1,0,0,0,0,0,0.003,0,0.167,0.04,0,0.01,0.231,0.01,0,0,0,0,0,0,0,0,0,0,0.06,0,0,0,0.017,0,0,0,0,0.003,0,0,0,0.003,0,0,0,0,0,0,0,0,0.227,0,0,0,0,0,0,0,0,0,0.003,0,0,0,0,0.013,0.967
141,5109,6159,5684,5671,0,0.003,0,0.003,0,0,0.003,0,0,0,0.01,0,0,0,0,0,0,0,0,0,0,0,0,0,0.064,0,0.087,0,0,0.003,0.007,0,0,0,0.227,0.023,0,0.023,0.187,0,0,0,0,0,0,0,0,0,0,0,0.08,0,0,0,0.01,0.017,0,0,0,0,0,0,0,0,0,0,0,0,0,0,0,0,0.214,0,0,0,0,0,0,0,0,0,0,0,0,0,0,0.007,0.97
144,5240,6275,5808,5791,0,0,0,0,0,0,0,0,0,0,0.003,0,0,0,0.01,0,0,0,0,0,0,0,0,0,0.066,0.013,0.073,0,0,0,0,0,0.01,0,0.254,0.026,0,0.017,0.158,0.007,0,0,0,0.003,0,0,0,0,0,0,0.083,0,0,0,0.013,0.003,0,0,0,0,0,0,0,0,0,0,0,0,0,0,0,0,0.221,0.003,0,0,0,0,0,0,0,0,0.01,0,0,0,0,0,0.974
147,5383,6365,5929,5913,0,0,0,0.007,0,0,0,0,0,0,0.013,0,0,0,0.007,0,0,0,0,0.007,0,0.003,0,0,0.099,0.003,0.076,0,0,0,0,0.003,0.007,0,0.245,0.043,0,0.013,0.202,0,0,0,0,0,0,0,0,0,0,0,0.036,0,0,0,0.026,0,0,0,0,0,0,0,0,0,0,0,0,0,0,0,0,0,0.182,0.003,0,0,0,0,0,0,0,0,0.003,0,0,0,0,0.007,0.987
156,5802,6666,6291,6274,0,0,0,0,0,0,0.006,0,0,0,0.012,0,0,0,0,0,0,0,0,0,0,0,0,0,0.03,0.018,0.036,0,0,0,0,0,0.006,0,0.234,0.006,0,0.006,0.12,0.006,0,0,0,0,0,0,0,0,0,0,0.072,0,0,0,0.03,0.006,0,0,0,0.006,0,0,0,0,0,0,0,0,0,0,0,0,0.335,0,0,0,0,0,0,0.006,0,0,0.012,0,0,0,0,0.024,0.97
159,5956,6762,6412,6398,0,0,0,0.004,0,0,0,0,0,0,0.008,0,0,0,0,0,0,0,0,0.004,0,0,0.008,0,0.064,0.016,0.052,0,0,0,0,0,0,0,0.209,0.032,0,0.016,0.169,0.008,0,0,0.004,0,0,0,0,0,0,0,0.04,0,0,0,0,0.008,0,0,0.004,0,0,0,0,0.008,0,0,0,0,0,0,0,0,0.269,0,0,0,0,0,0,0,0,0,0.004,0,0,0,0,0.028,0.956
162,6100,6861,6534,6519,0,0,0,0,0,0,0,0,0,0,0.013,0,0,0,0.006,0,0,0,0,0.013,0,0,0,0,0.038,0.006,0.095,0,0,0,0,0,0,0,0.203,0.038,0,0.006,0.177,0.006,0,0,0,0,0,0,0,0,0,0,0.057,0,0,0,0,0,0,0,0,0,0,0,0,0,0,0,0,0,0,0,0,0,0.285,0.006,0,0,0,0,0,0,0,0,0.013,0,0,0,0,0.032,0.994
165,6255,6942,6655,6641,0,0,0,0,0,0,0,0,0,0,0.017,0,0,0,0,0,0,0,0,0,0,0,0.017,0,0.038,0.009,0.034,0,0,0,0,0,0,0,0.255,0.013,0,0.013,0.187,0.004,0,0,0,0,0,0,0,0,0,0,0.047,0,0,0,0.004,0,0,0,0,0,0,0,0,0.009,0,0,0,0,0,0,0,0,0.315,0.009,0,0,0,0.004,0,0,0,0,0.004,0,0,0,0,0.013,0.991
168,6400,7042,6777,6764,0,0,0,0,0,0,0,0.01,0,0,0.019,0,0,0,0,0,0,0,0,0,0,0,0,0,0.068,0,0.117,0,0,0,0,0,0,0,0.311,0.039,0,0,0.136,0,0,0,0,0,0,0,0,0,0,0,0.068,0,0,0,0.01,0,0,0,0,0,0,0,0,0,0,0.01,0,0,0,0,0,0,0.184,0,0,0,0,0,0,0,0,0,0.01,0,0,0,0,0,0.981
171,6578,7122,6901,6887,0,0,0,0.005,0,0,0,0,0,0,0.005,0,0,0,0,0.005,0,0,0,0,0,0,0,0,0.114,0,0.099,0,0,0,0,0,0,0,0.455,0.03,0,0.01,0.045,0,0,0,0,0,0,0,0,0,0,0,0.045,0,0,0,0.03,0,0,0,0,0,0,0,0,0,0,0,0,0,0,0,0,0,0.124,0,0,0,0,0,0,0,0,0,0.01,0,0,0,0,0.01,0.985
174,6726,7201,7023,7008,0,0,0,0.007,0,0,0,0,0,0,0.004,0,0,0,0,0,0,0,0.004,0,0,0,0,0,0.086,0.004,0.126,0.004,0,0,0,0,0,0,0.301,0.004,0,0.011,0.056,0.004,0,0,0,0,0,0,0,0,0,0,0.033,0,0,0,0.033,0,0,0,0.004,0,0,0,0,0,0,0,0,0,0,0,0,0,0.275,0,0,0,0,0,0,0,0,0,0.015,0,0,0,0,0.007,0.978
177,6941,7266,7148,7131,0,0,0,0.005,0,0,0,0,0,0,0.005,0,0,0,0,0,0,0,0,0,0,0,0,0,0.244,0.005,0.155,0,0,0,0,0,0.005,0,0.197,0.07,0,0.009,0.033,0.005,0,0,0,0,0,0,0,0,0,0,0.038,0,0,0,0.033,0,0,0,0,0,0,0,0,0,0.005,0,0,0,0,0,0,0,0.16,0,0,0,0,0,0,0,0,0,0.014,0,0,0,0,0,0.981
180,7054,7418,7255,7244,0,0,0,0,0,0,0,0,0,0,0.018,0,0,0,0,0,0,0,0,0,0,0,0,0,0.236,0.009,0.091,0,0,0,0,0,0,0,0.173,0.109,0,0,0.1,0,0,0,0,0,0,0,0,0,0,0,0.018,0,0,0,0,0,0,0,0,0,0,0,0,0,0,0,0,0,0,0,0,0,0.155,0,0,0,0,0,0,0,0,0,0.036,0,0,0,0,0.018,0.964
183,7133,7570,7351,7350,0,0,0,0,0,0,0.009,0,0,0,0,0,0,0,0,0,0,0,0,0.017,0,0,0,0,0.174,0,0.157,0,0,0,0,0,0,0,0.165,0.026,0,0,0.104,0,0,0,0,0,0,0,0,0,0,0,0.052,0,0,0,0.017,0,0,0,0,0,0,0,0,0,0,0,0,0,0,0,0,0,0.183,0,0,0,0,0,0,0,0,0,0,0,0,0,0,0.026,0.93
186,7203,7726,7450,7453,0,0,0,0,0,0,0,0.003,0.003,0,0.01,0,0,0,0,0,0,0,0,0.003,0,0,0,0,0.083,0,0.163,0,0,0,0,0,0,0,0.292,0.01,0,0.01,0.073,0.007,0,0,0,0,0,0,0,0,0,0,0.06,0,0,0,0.01,0,0,0,0,0,0,0,0,0,0,0,0,0,0,0,0,0,0.183,0.01,0,0,0,0,0,0,0,0,0.003,0,0,0,0,0.007,0.93
189,7284,7849,7553,7557,0,0,0,0.007,0,0,0.003,0,0,0,0.023,0,0,0,0,0.003,0,0,0,0,0,0,0,0,0.103,0.003,0.167,0,0,0,0,0,0,0,0.33,0.037,0,0.01,0.087,0,0,0,0,0,0,0,0,0,0,0,0.02,0,0,0,0.007,0,0,0,0,0,0,0,0,0,0,0,0,0.003,0,0,0,0,0.17,0,0,0,0,0,0,0,0,0,0,0,0,0,0,0.007,0.98
192,7361,7991,7653,7661,0,0,0,0.007,0,0,0,0,0,0,0.003,0,0,0,0,0,0,0,0,0.003,0,0,0,0,0.098,0,0.128,0,0,0,0,0,0,0,0.164,0.256,0,0.033,0.075,0,0,0,0,0,0.003,0,0,0,0,0,0.013,0,0,0,0.007,0,0,0,0,0,0,0,0,0.003,0,0,0,0,0,0,0,0,0.167,0,0,0,0,0,0,0,0,0,0.01,0,0,0,0,0.003,0.974
195,7455,8109,7759,7766,0,0,0,0.006,0,0,0,0,0,0,0.012,0,0,0,0,0,0,0,0,0,0,0,0,0,0.098,0,0.122,0,0,0,0,0,0,0,0.177,0.201,0,0,0.085,0,0,0,0,0,0,0,0,0,0,0,0.067,0,0,0,0,0,0,0,0,0,0,0,0,0,0,0,0,0,0,0,0,0,0.22,0,0,0,0,0,0,0,0,0,0,0,0,0,0,0,0.988
198,7547,8244,7866,7872,#VALOR!,0,0,0,0,0,0,0,0,0,0.007,0,0,0,0,0,0,0,0,0,0,0,0,0,0.134,0,0.15,0,0,0.003,0,0,0,0,0.212,0.176,0,0.02,0.052,0,0,0,0,0.003,0,0.003,0,0,0,0,0.042,0,0,0,0.013,0,0,0,0,0,0,0,0,0,0,0,0,0,0,0,0,0,0.15,0,0,0,0,0,0,0,0,0,0.01,0,0,0,0,0.01,0.984
201,7639,8356,7967,7975,0,0,0,0,0,0,0,0,0,0,0.003,0,0,0,0,0,0,0,0,0.013,0,0,0.003,0,0.196,0,0.093,0,0,0.003,0,0,0,0,0.123,0.206,0,0.02,0.047,0,0,0,0,0,0,0,0,0,0,0,0.053,0,0,0,0.007,0,0,0,0.003,0,0,0,0,0,0,0,0,0,0,0,0,0,0.146,0.003,0,0,0,0,0,0,0,0,0.023,0,0,0,0,0.013,0.957
204,7727,8483,8074,8079,0,0,0,0.003,0,0,0,0,0.006,0,0.003,0,0,0,0,0,0,0,0,0.006,0,0,0,0,0.172,0,0.116,0,0,0,0,0,0,0,0.113,0.172,0,0.013,0.05,0.003,0,0,0,0,0,0,0,0,0,0,0.066,0,0,0,0.003,0,0,0,0,0,0,0,0,0,0,0,0,0,0,0,0,0,0.213,0,0,0,0,0,0,0,0,0,0.019,0,0,0,0,0.022,0.978
207,7824,8584,8173,8182,0,0,0,0,0,0,0,0,0.003,0,0.006,0,0,0,0,0,0,0,0,0,0,0,0,0,0.138,0,0.141,0,0,0,0,0,0,0,0.103,0.276,0,0.022,0.019,0.003,0,0,0,0,0,0,0,0,0,0,0.032,0,0,0,0.003,0,0,0,0,0,0,0,0,0,0,0,0,0,0,0,0,0,0.205,0.006,0,0,0,0,0,0,0,0,0.016,0,0,0,0,0.013,0.987
210,7904,8713,8280,8287,0,0,0,0,0,0,0,0,0,0,0.003,0,0,0,0,0.013,0,0,0,0.01,0,0,0.007,0,0.101,0.003,0.144,0,0,0,0.003,0,0,0,0.059,0.203,0,0.029,0.085,0.003,0,0,0,0.003,0,0,0,0,0,0,0.033,0,0,0,0.007,0,0,0,0,0,0,0,0,0,0,0,0,0,0,0,0,0,0.216,0.003,0,0,0,0,0,0,0,0,0.052,0,0,0,0,0,0.977
213,7993,8823,8384,8387,0,0,0,0.022,0,0,0.006,0,0.003,0,0,0,0,0,0,0.009,0,0,0,0.003,0,0,0,0,0.126,0,0.18,0,0,0,0,0,0,0,0.057,0.205,0,0.06,0.041,0.003,0,0,0,0,0,0,0,0,0,0,0.025,0,0,0,0.013,0,0,0,0,0,0,0,0,0,0,0,0,0,0,0,0,0,0.205,0,0,0,0,0,0,0,0,0,0.013,0,0,0,0,0.003,0.975
216,8080,8931,8483,8489,0,0,0,0.01,0,0,0,0,0,0,0.007,0,0,0,0,0.007,0,0,0,0.007,0,0,0.003,0,0.106,0.003,0.213,0,0,0,0,0,0,0,0.086,0.209,0,0.063,0.05,0,0,0,0,0,0.003,0,0,0,0,0,0.023,0,0,0,0.01,0,0,0,0,0,0,0,0,0,0,0,0,0,0,0,0,0,0.163,0.003,0,0,0,0,0,0,0,0,0,0,0,0,0,0.003,0.97
219,8186,9038,8590,8593,0,0,0,0,0,0,0,0,0,0,0.007,0,0,0,0,0.01,0,0,0,0,0,0,0,0,0.12,0.003,0.197,0,0,0,0,0,0,0,0.053,0.203,0,0.047,0.063,0,0,0,0,0,0,0,0,0,0,0,0.05,0,0,0,0.007,0.003,0,0,0,0,0,0.003,0,0.007,0,0,0,0,0,0,0,0,0.173,0,0,0,0,0.003,0,0,0,0,0.007,0,0,0,0,0,0.957
222,8276,9149,8691,8695,0,0,0,0.003,0,0,0,0,0,0,0.006,0,0,0,0,0,0,0,0,0,0,0,0,0,0.123,0.003,0.181,0,0,0,0,0,0,0,0.094,0.188,0,0.019,0.045,0,0,0,0,0,0,0,0,0,0,0,0.049,0,0,0,0,0,0,0,0,0,0,0,0,0.006,0,0,0,0,0,0,0,0,0.23,0,0,0,0,0,0,0,0,0,0.029,0,0,0,0,0,0.977
225,8371,9238,8793,8797,0,0,0,0.017,0,0,0.003,0,0.003,0,0.003,0,0,0,0,0.003,0,0,0,0,0,0,0,0,0.162,0,0.185,0,0,0,0,0,0.003,0,0.063,0.162,0,0.053,0.079,0,0,0,0,0,0,0,0,0,0,0,0.02,0,0,0,0.007,0,0,0,0,0,0,0,0,0.01,0,0,0,0,0,0,0,0,0.175,0,0,0,0,0,0,0,0,0,0.003,0,0,0,0,0.013,0.967
228,8471,9354,8901,8902,0,0,0,0,0,0,0,0,0,0,0.007,0,0,0,0,0,0,0,0,0,0,0,0,0,0.116,0,0.172,0,0,0,0.003,0,0,0,0.056,0.198,0.003,0.05,0.066,0.003,0,0,0,0,0,0,0,0,0,0,0.043,0,0,0,0.01,0,0,0,0,0,0,0,0,0.017,0,0,0,0,0,0,0,0,0.172,0.003,0,0,0,0,0,0,0,0,0.013,0,0.003,0,0,0.007,0.941
231,8575,9460,9003,9006,0,0,0,0.014,0,0,0,0,0,0,0,0,0,0,0,0,0,0,0,0,0,0,0,0,0.128,0,0.16,0,0,0.004,0,0,0,0,0.071,0.153,0,0.064,0.075,0.004,0,0,0,0,0,0,0,0,0,0,0.057,0,0,0,0.004,0,0,0,0.004,0,0,0,0,0,0,0,0.007,0,0,0,0,0,0.171,0,0,0,0,0,0,0,0,0,0.011,0,0,0,0,0.007,0.932
234,8667,9550,9109,9110,0,0,0,0.003,0,0,0,0,0,0,0,0,0,0,0,0,0,0,0,0,0,0,0,0,0.117,0,0.197,0,0,0,0,0,0,0,0.066,0.166,0,0.031,0.069,0,0,0,0,0,0,0,0,0,0,0,0.052,0.003,0,0,0.014,0,0,0,0,0,0,0,0,0,0,0,0,0,0,0,0,0,0.21,0,0,0,0,0,0,0,0,0,0.01,0,0,0,0,0.014,0.952
237,8765,9661,9214,9215,0,0,0,0.003,0,0,0.003,0,0,0,0,0,0,0,0,0,0,0,0,0,0,0,0,0,0.136,0,0.169,0,0,0,0,0,0,0,0.113,0.179,0,0.053,0.04,0.003,0,0,0,0,0,0.003,0,0,0,0,0.046,0,0,0,0.01,0,0,0,0,0,0,0,0,0.013,0,0,0,0,0,0,0,0,0.149,0,0,0,0,0,0,0,0,0,0.007,0,0,0,0,0,0.927
240,8876,9770,9319,9321,0,0,0,0,0,0,0,0,0,0,0.003,0,0,0,0.003,0,0,0,0,0,0,0,0,0,0.159,0,0.213,0,0,0,0,0,0,0,0.09,0.103,0,0.003,0.04,0,0,0,0,0,0,0,0,0,0,0,0.096,0,0,0,0.017,0,0,0,0,0,0,0,0,0.013,0,0,0,0,0,0,0,0,0.15,0,0,0,0,0,0,0,0,0,0.01,0,0,0,0,0.04,0.94
243,8983,9873,9422,9425,0,0,0,0,0,0,0,0,0,0,0,0,0,0,0,0.004,0,0,0,0.013,0,0,0,0,0.092,0,0.176,0,0,0,0,0,0,0,0.063,0.088,0,0.046,0.118,0,0,0,0,0,0,0,0,0,0,0,0.059,0,0,0,0,0.004,0,0,0,0,0,0,0,0.004,0,0,0,0,0,0,0,0,0.223,0,0,0,0.004,0,0,0,0,0,0.017,0,0,0,0,0.038,0.95
246,9092,9960,9528,9527,0,0,0,0,0,0,0,0,0,0,0.003,0,0,0,0,0,0,0,0,0,0,0.003,0,0,0.157,0,0.141,0,0,0,0,0,0,0,0.082,0.131,0,0.052,0.108,0.007,0,0,0,0,0,0,0,0,0,0,0.029,0,0,0,0.02,0,0,0,0,0,0,0,0,0.003,0,0,0,0,0,0,0,0,0.193,0,0,0,0,0,0,0,0,0,0.016,0,0,0,0,0.039,0.984
249,9203,10066,9629,9630,0,0,0,0.003,0,0,0,0,0,0,0.003,0,0,0,0,0.007,0,0,0,0,0,0,0,0,0.163,0,0.131,0,0,0,0,0,0,0,0.137,0.127,0,0.013,0.085,0.003,0,0,0,0,0,0,0,0,0,0,0.042,0.003,0,0,0.023,0.003,0,0,0,0,0,0,0,0,0,0,0,0,0,0,0,0,0.199,0,0,0,0,0,0,0,0,0,0.01,0,0,0,0,0.026,0.98
252,9310,10164,9733,9734,0,0,0,0.003,0,0,0,0,0.006,0,0,0,0,0,0,0,0,0,0.003,0,0,0,0,0,0.108,0,0.146,0,0,0,0.01,0,0,0,0.067,0.166,0,0.035,0.089,0.003,0,0,0,0,0,0,0,0,0,0,0.073,0,0,0,0.003,0.003,0,0,0,0,0,0,0,0.003,0,0,0,0,0,0,0,0,0.22,0,0,0,0.003,0,0,0,0,0,0.022,0,0,0,0,0.01,0.975
255,9410,10256,9844,9840,0,0,0,0.01,0,0,0,0,0,0,0,0,0,0,0,0.005,0,0.005,0,0.019,0,0,0,0,0.115,0,0.134,0,0,0.005,0,0,0,0,0.077,0.148,0,0.019,0.11,0.014,0,0.005,0,0,0,0,0,0,0,0,0.038,0,0,0,0.005,0,0,0,0,0,0,0,0,0,0,0,0,0,0,0,0,0,0.163,0,0,0,0,0,0,0,0,0,0.005,0,0,0,0,0.033,0.909
258,9507,10361,9948,9945,0,0,0,0.006,0,0,0,0,0.006,0,0.006,0,0,0,0,0,0,0,0.003,0,0,0,0,0,0.188,0.006,0.159,0,0,0,0,0,0,0,0.062,0.081,0,0.036,0.12,0.003,0,0,0,0,0,0,0,0,0,0.003,0.016,0,0,0,0.006,0,0,0,0,0,0,0,0,0.01,0,0,0,0,0,0,0,0,0.214,0,0,0,0,0,0,0,0,0,0.01,0,0,0,0,0.019,0.958
261,9633,10445,10057,10050,0,0,0,0.013,0,0,0.004,0,0,0,0,0,0,0,0,0,0,0,0.009,0.009,0,0,0,0,0.22,0,0.224,0,0,0,0,0,0,0,0.078,0.181,0,0.013,0.034,0,0,0,0,0,0,0,0,0,0,0,0,0,0,0,0.013,0,0,0,0,0,0,0,0,0.004,0,0,0,0,0,0,0,0,0.125,0,0,0,0,0,0,0,0,0,0.004,0,0,0,0,0.022,0.953
264,9730,10545,10161,10153,0,0,0,0.01,0,0,0,0,0,0,0.005,0,0,0,0,0,0,0,0,0,0,0,0,0,0.21,0,0.21,0,0,0,0,0,0,0,0.119,0.09,0,0.038,0.062,0,0,0,0,0,0,0,0,0,0,0,0.01,0,0,0,0.024,0,0,0,0,0,0,0,0,0,0,0,0,0,0,0,0,0,0.162,0,0,0,0,0,0,0,0,0,0,0,0,0,0,0.01,0.948
267,9849,10628,10262,10256,0,0,0,0.016,0,0,0,0,0,0,0,0,0,0,0,0.003,0,0,0.003,0,0,0,0,0,0.179,0,0.157,0,0,0,0,0,0,0,0.082,0.251,0,0.006,0.047,0,0,0,0,0,0,0,0,0,0,0,0.016,0,0,0,0.016,0,0,0,0,0,0,0,0,0.003,0,0,0,0,0,0,0,0.003,0.144,0,0,0,0,0,0,0,0,0,0.038,0,0,0,0,0.022,0.984
270,9958,10725,10368,10361,0,0,0,0,0,0,0,0,0,0,0,0,0,0,0,0.004,0,0,0,0,0,0,0,0,0.105,0,0.242,0,0,0,0,0,0,0,0.023,0.234,0,0.055,0.059,0,0,0,0,0,0,0,0,0,0,0,0.016,0,0,0,0.004,0,0,0,0,0,0,0,0,0.004,0,0,0,0,0,0,0,0,0.168,0,0,0,0,0,0,0,0,0,0.008,0,0,0,0,0.031,0.953
273,10076,10806,10473,10467,0,0,0,0.004,0,0,0,0,0,0,0.004,0,0,0,0,0.004,0,0,0,0,0,0,0,0,0.126,0,0.242,0,0,0.004,0,0,0,0,0.058,0.188,0,0.004,0.061,0.004,0,0,0,0,0,0,0,0,0,0,0.04,0,0,0,0.004,0,0,0,0,0,0,0,0,0.007,0,0,0,0,0,0,0,0,0.13,0,0,0,0,0,0,0,0,0,0.007,0,0,0,0,0.058,0.942
276,10192,10889,10583,10572,0,0,0,0,0,0,0,0,0,0,0.004,0,0,0,0,0.004,0,0,0,0,0,0,0,0,0.138,0,0.244,0,0,0,0,0,0,0,0.02,0.228,0,0.008,0.053,0.008,0,0,0,0,0,0,0,0,0,0,0.028,0,0,0,0,0.004,0,0,0,0,0,0,0,0.02,0,0,0,0,0.004,0,0,0,0.085,0,0,0,0,0,0,0,0,0,0.004,0,0,0,0,0.098,0.951
279,10322,10960,10684,10677,0,0,0,0.005,0,0,0,0,0,0,0.005,0,0,0,0,0,0,0,0,0,0,0,0,0,0.208,0,0.203,0,0,0,0,0,0,0,0.031,0.135,0,0.026,0.089,0.005,0,0,0,0,0.005,0,0,0,0,0,0.021,0,0,0,0.005,0.005,0,0,0,0,0,0,0,0,0,0,0,0,0,0,0,0,0.151,0,0,0,0,0,0,0.005,0,0,0,0,0,0,0,0.068,0.969
282,10447,11033,10793,10780,0,0,0,0.009,0,0,0,0,0,0,0,0,0,0,0,0,0,0.009,0,0,0,0,0,0,0.155,0,0.233,0,0,0.009,0,0,0,0,0.043,0.198,0,0,0.095,0,0,0,0,0,0,0,0,0,0,0,0,0,0,0,0.009,0,0.009,0,0,0,0,0,0,0,0,0,0,0,0,0,0,0,0.155,0,0,0,0,0,0,0,0,0,0,0,0,0,0,0.026,0.948
285,10568,11153,10914,10893,0,0,0,0.003,0,0,0,0,0,0,0,0,0,0,0,0,0,0,0,0,0,0,0,0,0.077,0,0.107,0,0,0,0,0,0,0,0.007,0.647,0,0.01,0.027,0.003,0,0,0,0,0,0,0,0,0,0,0.007,0,0,0,0,0,0,0,0,0,0,0,0,0,0,0,0,0,0,0,0,0,0.063,0,0,0,0,0,0,0,0,0,0.01,0,0,0,0,0.02,0.98
288,11613,12460,12100,12083,0,0,0,0,0,0,0,0,0,0,0,0,0,0,0,0,0,0,0,0,0,0,0,0,0.551,0,0.187,0,0,0,0,0,0,0,0.009,0.019,0,0.019,0,0.028,0,0,0,0,0,0,0,0,0,0,0,0,0,0,0,0,0,0,0,0,0,0,0,0,0,0,0,0,0,0,0,0,0.131,0,0,0,0,0,0,0,0,0,0,0,0,0,0,0.056,1
291,11785,12766,12317,12307,0,0,0,0.003,0,0,0,0,0,0,0,0,0,0,0,0,0,0,0.003,0,0,0,0,0.003,0.36,0,0.212,0,0,0.003,0,0,0,0,0.027,0.02,0,0.03,0.084,0.003,0,0,0,0,0,0,0,0,0,0,0.007,0,0,0,0.003,0,0,0,0,0,0,0,0,0.003,0,0,0,0,0,0,0,0,0.118,0,0,0,0,0,0,0.007,0,0,0.003,0,0,0,0,0.071,0.963
294,11961,13067,12532,12530,0,0,0,0.006,0,0,0,0,0,0,0,0,0,0,0,0.003,0,0,0,0.003,0.003,0,0,0,0.398,0,0.213,0,0,0,0,0,0,0,0.04,0.034,0,0.006,0.043,0,0,0,0,0,0,0,0,0,0,0,0.017,0,0,0,0.003,0,0,0,0,0,0,0.003,0,0.006,0,0,0,0,0,0,0,0,0.125,0,0.003,0,0,0,0,0,0,0,0,0,0,0,0,0.097,1
297,12160,13343,12756,12751,0,0,0,0.006,0,0,0,0,0,0,0,0,0,0,0,0,0,0,0.006,0.003,0,0,0,0,0.335,0,0.253,0.003,0,0,0,0,0,0,0.043,0.043,0,0.018,0.037,0,0,0.003,0,0,0.003,0,0,0,0,0,0.024,0,0,0,0.003,0,0.006,0,0,0,0,0,0,0.012,0,0,0.003,0,0,0,0,0,0.134,0,0.003,0,0,0,0,0,0,0,0.003,0,0,0,0,0.043,0.985
300,12331,13617,12968,12970,0,0,0,0,0,0,0.002,0,0,0,0,0,0,0,0.023,0,0.002,0,0,0.004,0,0,0,0,0.272,0,0.12,0,0,0,0,0,0,0,0.011,0.126,0,0.017,0.242,0.011,0.002,0,0,0.006,0.002,0,0,0,0,0,0.011,0,0,0,0.002,0.002,0,0,0,0,0.002,0,0,0,0,0,0,0,0,0,0,0,0.109,0,0,0,0,0,0,0,0,0,0.002,0,0,0,0,0.028,0.994
302.5,12503.5,13800.5,13155,13155,0,0,0,0.003,0,0,0,0,0,0,0.003,0,0,0,0.003,0.003,0,0,0.003,0.003,0.003,0,0,0,0.348,0,0.2,0,0,0.003,0,0,0,0,0.061,0.039,0,0.01,0.094,0.006,0,0,0,0,0,0,0,0,0,0,0,0,0,0,0.003,0.003,0,0,0,0,0,0,0,0.013,0,0,0,0,0,0,0,0,0.11,0,0,0,0,0,0,0,0,0,0.006,0,0,0,0,0.058,0.977
305,12676,13984,13342,13340,0,0,0,0.011,0,0,0,0,0,0,0,0,0,0,0.004,0.002,0.004,0,0.006,0.008,0,0,0,0,0.241,0,0.186,0,0,0.002,0,0,0,0,0.04,0.084,0,0.011,0.176,0,0.002,0.002,0,0.004,0,0,0,0,0,0,0.044,0,0,0,0,0.002,0.002,0,0.002,0.002,0.004,0,0,0.002,0,0,0,0,0,0,0,0,0.115,0,0,0.002,0,0,0,0.004,0,0,0.002,0,0,0,0,0.036,1
307.5,12848,14178.5,13525.5,13525,0,0,0,0.003,0.003,0,0,0,0,0,0.006,0,0,0,0.003,0,0,0,0.003,0.003,0,0,0,0,0.291,0,0.226,0,0,0,0,0.003,0,0,0.037,0.046,0,0.02,0.109,0.003,0,0,0,0,0.003,0.003,0,0,0,0,0.009,0,0,0,0.003,0,0,0.003,0,0,0,0,0,0.003,0,0,0,0,0,0,0,0,0.129,0,0,0,0,0,0,0,0,0,0.003,0,0,0,0,0.049,0.957
310,13020,14373,13709,13710,0,0,0,0,0,0,0,0,0,0,0,0,0,0,0,0,0,0,0,0,0,0,0,0,0.325,0,0.205,0,0,0,0,0,0,0,0.014,0.012,0,0.019,0.086,0.002,0.002,0,0,0.041,0,0,0,0,0,0,0.095,0,0,0,0,0,0,0,0,0,0.019,0,0,0,0,0,0,0,0,0,0,0,0.103,0,0,0.002,0,0.002,0,0,0,0,0.005,0,0,0,0,0.067,1
312.5,13204,14535,13900,13894.5,0,0,0,0.006,0,0,0,0,0,0,0,0,0,0,0,0.003,0,0.003,0.003,0.003,0,0,0,0.003,0.35,0,0.226,0,0,0.003,0,0,0,0,0.048,0.011,0,0.023,0.085,0,0,0,0,0,0.003,0,0,0,0,0,0.006,0,0,0,0.003,0,0,0,0,0,0,0,0,0.011,0,0,0,0,0,0,0,0,0.13,0,0,0,0,0,0,0,0,0,0.008,0,0,0,0,0.045,0.972
315,13388,14697,14091,14079,0,0,0,0.01,0,0,0,0,0,0,0.002,0,0,0,0.002,0.002,0.005,0,0.005,0.002,0,0,0,0,0.51,0,0.153,0.01,0,0.002,0,0,0,0,0.005,0.01,0,0.015,0.074,0,0,0,0,0.02,0.002,0,0,0,0,0,0.02,0,0,0,0.005,0,0,0,0,0,0.005,0,0,0.002,0,0,0,0,0,0,0,0,0.079,0,0,0,0,0,0,0,0,0,0.012,0,0,0,0,0.044,0.998
317.5,13559,14851,14276,14258.5,0.003,0,0,0.008,0,0,0,0,0,0,0.003,0,0,0,0,0.003,0,0,0.003,0.003,0,0,0,0.003,0.514,0,0.114,0,0,0,0,0,0,0,0.046,0.011,0,0.024,0.051,0.003,0,0,0,0,0,0.008,0,0,0,0,0.014,0,0,0,0,0.003,0,0,0,0.003,0,0,0,0.003,0,0,0,0,0,0.003,0,0.003,0.095,0,0,0,0,0,0,0,0,0,0.011,0,0,0,0.003,0.065,0.995
320,13730,15005,14461,14438,0,0,0,0.002,0,0,0,0,0,0,0.002,0,0,0,0,0,0.002,0,0.01,0.005,0,0,0,0,0.499,0,0.14,0.01,0,0,0,0,0,0,0.02,0.002,0,0.02,0.125,0,0,0,0,0.025,0,0,0,0,0,0,0.025,0,0,0,0,0.002,0,0,0,0,0.005,0,0,0.002,0,0,0,0,0,0,0,0,0.074,0,0,0,0,0.002,0,0,0,0,0.005,0,0,0,0,0.022,1
322.5,13956,15145.5,14645.5,14621,0.003,0,0,0.006,0,0,0,0,0,0,0,0,0,0,0,0,0,0,0.006,0,0,0,0,0.003,0.531,0,0.151,0,0,0,0,0,0,0,0.037,0.017,0,0.011,0.034,0.006,0,0,0,0,0.003,0.003,0,0,0,0,0.014,0.003,0,0,0.003,0,0,0,0,0,0,0,0,0.003,0,0,0,0,0,0,0,0,0.097,0,0.003,0,0,0,0,0,0,0,0.006,0,0,0,0,0.034,0.972
325,14182,15286,14830,14804,0,0,0,0.002,0,0,0,0,0,0,0,0,0,0,0,0,0.002,0,0.007,0.002,0,0,0,0.002,0.653,0,0.066,0.01,0,0.005,0,0,0,0,0.005,0,0,0.02,0.034,0.002,0,0,0,0.027,0.002,0.002,0,0,0.002,0,0.017,0,0,0,0,0,0,0,0,0,0.005,0,0,0,0,0,0,0,0,0,0.002,0,0.09,0,0,0,0,0.002,0,0,0,0,0,0,0,0,0,0.034,0.998
327.5,14393,15431,15016,14989,0.003,0,0,0.003,0,0,0,0,0,0,0,0,0,0,0,0,0,0,0,0,0,0,0,0.003,0.606,0,0.13,0,0,0,0,0,0,0,0.031,0.006,0,0.012,0.04,0,0,0,0,0.003,0,0.003,0,0,0,0,0.003,0,0,0,0,0,0,0,0,0,0,0,0,0,0,0,0,0,0,0,0,0,0.121,0.003,0.006,0,0,0,0,0,0,0,0,0,0,0,0,0.016,0.991
330,14656,15561,15202,15178,0.002,0,0,0.002,0,0,0,0,0,0,0.002,0,0,0,0,0,0.002,0,0.005,0.002,0,0,0,0,0.672,0,0.1,0.012,0,0.002,0,0,0,0,0.002,0.01,0,0.015,0.029,0,0,0,0,0.02,0,0,0,0,0,0,0.015,0,0,0,0,0,0,0,0,0.002,0.002,0,0,0,0,0,0,0,0,0,0,0,0.068,0,0,0,0,0.002,0.005,0,0,0,0.002,0.002,0,0,0,0.02,1
331,14738,15618,15273,15250,0.002,0,0,0.005,0,0,0,0,0,0,0,0,0,0,0,0,0.002,0,0.002,0,0,0,0,0.002,0.564,0,0.148,0,0,0,0,0,0,0,0,0.014,0,0.026,0.075,0.002,0,0,0,0.019,0,0,0,0,0,0,0.033,0,0,0,0,0,0,0,0,0,0.002,0,0,0,0,0,0,0,0,0,0,0,0.082,0.002,0,0,0,0.002,0,0,0,0,0,0.007,0,0,0,0.007,0.998
